{"cameraMode":{"drawMode":0,"name":"Shaded","section":"Shading Mode"},"sceneLighting":true,"audioPlay":false,"sceneViewState":{"showFog":true,"showMaterialUpdate":false,"showSkybox":true,"showFlares":true,"showImageEffects":true,"showParticleSystems":true},"in2DMode":false,"pivot":{"x":33.33652114868164,"y":3.670365333557129,"z":-9.752323150634766},"rotation":{"x":-0.08418098837137222,"y":-0.02630525641143322,"z":0.002223037648946047,"w":-0.9961007833480835},"size":8.287153244018555,"orthographic":false}