{"cameraMode":{"drawMode":0,"name":"Shaded","section":"Shading Mode"},"sceneLighting":false,"audioPlay":false,"sceneViewState":{"showFog":true,"showMaterialUpdate":false,"showSkybox":true,"showFlares":true,"showImageEffects":true,"showParticleSystems":true},"in2DMode":false,"pivot":{"x":54.57659912109375,"y":-0.7421894073486328,"z":16.6441650390625},"rotation":{"x":0.1468247026205063,"y":-0.23791250586509705,"z":0.03639858588576317,"w":0.9594349265098572},"size":54.648048400878909,"orthographic":false}